CODEKHUM,KHUM_NAME,perc_change_dir,perc_change
160800,,-2.047167854,2.047167854
190303,Santepheap,-0.0047524,0.0047524
190305,Thma Kaev,0,0
220405,Ou Smach,0,0
220403,Kriel,0,0
130306,Kantuot,0,0
130301,Choam Ksant,0,0
220503,Ou Svay,0,0
160900,,0,0
220203,Kouk Khpos,0,0
220502,Ph'av,-1.450068399,1.450068399
220504,Preah Pralay,0,0
220104,Trapeang Prei,0,0
190301,Preaek Meas,0,0
220103,Trapeang Tav,0.089047195,-0.089047195
220204,Kouk Mon,0,0
220101,Anlong Veaeng,-1.124567474,1.124567474
130302,Tuek Kraham,0,0
220201,Ampil,0,0
220505,Tumnob Dach,0,0
220401,Bansay Reak,0,0
220105,Thlat,-0.695249131,0.695249131
220501,Bak Anlung,0,0
220106,Lumtong,-0.35626199,0.35626199
10701,Banteay Chhmar,0,0
130304,Rumdaoh Srae,0,0
130305,Yeang,0,0
160802,Ta Veaeng Kraom,0,0
160905,Kaoh Pang,0,0
160801,Ta Veaeng Leu,-0.211565585,0.211565585
160910,Veun Sai,0,0
160907,Kok Lak,0,0
220404,Samraong,0,0
220506,Trapeang Prasat,-2.45142003,2.45142003
220402,Bos Sbov,0,0
130303,Pring Thum,0,0
220202,Beng,0,0
130207,Kampong Sralau Muoy,0,0
190302,Sekong,0,0
160103,Nhang,-6.597479615,6.597479615
220302,Chong Kal,-0.067842605,0.067842605
220304,Pongro,0,0
130406,Srayang,0,0
220304,Pongro,0,0
190304,Srae Sambour,0,0
160906,Kaoh Peak,-2.084884587,2.084884587
130203,Sangke Muoy,0,0
130205,Mlu Prey Muoy,0,0
10702,Kouk Romiet,#DIV/0!,#DIV/0!
10706,Kumru,#DIV/0!,#DIV/0!
130208,Kampong Sralau Pir,0,0
130202,Chhep Pir,0.281584381,-0.281584381
160104,Ta Lav,-14.41922563,14.41922563
10704,Thma Puok,0,0
10301,Nam Tau,0,0
160908,Pa Kalan,0,0
160904,Ka Choun,0,0
160102,Mai Hie,-5.885815185,5.885815185
130402,Kuleaen Cheung,0,0
160901,Ban Pong,0,0
160602,Chan,-17.64705882,17.64705882
220301,Cheung Tien,0,0
171206,Slaeng Spean,0,0
10302,Paoy Char,0,0
171405,Varin,0,0
171402,Lvea Krang,0,0
171403,Srae Nouy,-0.491668943,0.491668943
160909,Phnum Kok,-10.4137931,10.4137931
171302,Kantuot,0,0
10705,Kouk Kakthen,0,0
10303,Ponley,0,0
130403,Thmei,0,0
10703,Phum Thmei,#DIV/0!,#DIV/0!
10804,Svay Chek,0,0
10807,Treas,#DIV/0!,#DIV/0!
160607,L'ak,-15.49295775,15.49295775
190508,Preah Rumkel,0,0
130703,Chhean Mukh,0,0
130704,Pou,0,0
130705,Prame,0,0
190507,Ou Svay,0,0
190404,Sameaki,0,0
160101,Malik,0,0
160604,Kalai,-4.071246819,4.071246819
171201,Chrouy Neang Nguon,0,0
160605,Ou Chum,-18.56540084,18.56540084
171202,Klang Hay,#DIV/0!,#DIV/0!
171401,Prasat,-0.574712644,0.574712644
160606,Sameakki,-3.134796238,3.134796238
190107,Ta Lat,0,0
160903,Hat Pak,0,0
171205,Prei,0,0
190505,Anlong Chrey,-0.213642606,0.213642606
10801,Phkoam,0,0
130201,Chhep Muoy,0.120772947,-0.120772947
190509,Sam'ang,-1.60971477,1.60971477
170106,Srae Khvav,0,0
160706,Saom Thum,-0.896860987,0.896860987
160301,Kak,0,0
160302,Ke Chong,0,0
10803,Sla Kram,0,0
10808,Roluos,#DIV/0!,#DIV/0!
190105,Sdau,0,0
190104,Samkhuoy,0,0
190106,Srae Kor,-0.024467825,0.024467825
130702,Pal Hal,0.175233645,-0.175233645
10306,Phnum Dei,#DIV/0!,#DIV/0!
130701,Kampong Pranak,0,0
130401,Kuleaen Tboung,0,0
10509,Ou Bei Choan,0,0
171404,Svay sa,0,0
10806,Ta Phou,#DIV/0!,#DIV/0!
160705,Sesant,0,0
160404,Toen,-0.160965795,0.160965795
171203,Tram Sasar,0,0
160601,Cha Ung,0,0
171204,Moung,0,0
10802,Sarongk,#DIV/0!,#DIV/0!
160403,Ta Ang,0,0
10805,Ta Baen,#DIV/0!,#DIV/0!
130404,Phnum Penh,0,0
10305,Srah Chik,0,0
130206,Mlu Prey Pir,0,0
10304,Spean Sraeng,#DIV/0!,#DIV/0!
160603,Aekakpheap,0,0
190504,Kaoh Snaeng,-0.707338638,0.707338638
160406,Trapeang Kraham,0,0
160703,Pak Nhai,0,0
130405,Phnum Tbaeng Pir,0,0
160306,Ting Chak,0,0
171305,Ta Siem,0,0
160702,Lum Choar,0,0
170102,Doun  Peaeng,0,0
170302,Khun Ream,-0.361794501,0.361794501
160203,Yeak Laom,0,0
10507,Soengh,#DIV/0!,#DIV/0!
130204,Sangke Pir,0,0
160202,Labansiek,#DIV/0!,#DIV/0!
170103,Kouk Doung,-1.772151899,1.772151899
170607,Saen Sokh,#DIV/0!,#DIV/0!
10407,Tean Kam,#DIV/0!,#DIV/0!
160303,Laming,0,0
130102,Tasu,0,0
170104,Koul,#DIV/0!,#DIV/0!
160201,Kachanh,0,0
10508,Paoy Paet,#DIV/0!,#DIV/0!
10601,Bos Sbov,#DIV/0!,#DIV/0!
190103,Phluk,-0.595770033,0.595770033
170604,Krouch Kor,#DIV/0!,#DIV/0!
10504,Nimitt,#DIV/0!,#DIV/0!
10402,Chob Veari,0,0
170107,Ta Saom,#DIV/0!,#DIV/0!
10501,Changha,#DIV/0!,#DIV/0!
10604,Mkak,#DIV/0!,#DIV/0!
130603,Phnum Tbaeng Muoy,0,0
170101,Char Chhuk,#DIV/0!,#DIV/0!
130706,Preah Khleang,0,0
160707,Ya Tung,0,0
160304,Lung Khung,0,0
160405,Trapeang Chres,0,0
10506,Souphi,#DIV/0!,#DIV/0!
10502,Koub,#DIV/0!,#DIV/0!
160504,La Bang Pir,0,0
170201,Chob Ta Trav,-0.722021661,0.722021661
170601,Chonloas Dai,#DIV/0!,#DIV/0!
170203,Peak Snaeng,-2.797202797,2.797202797
10406,Rohal,0,0
160305,Seung,0,0
130602,Ro'ang,5.474452555,-5.474452555
130103,Khyang,0,0
160704,Pate,-0.74906367,0.74906367
170610,Ta an,#DIV/0!,#DIV/0!
170608,Snuol,#DIV/0!,#DIV/0!
190510,Srae Ruessei,-2.279005525,2.279005525
160701,Bar Kham,0,0
130104,Chrach,0,0
10408,Tuek Chour,#DIV/0!,#DIV/0!
170105,Nokor Pheas,0,0
10401,Chhnuor Mean Chey,#DIV/0!,#DIV/0!
10602,Kampong Svay,#DIV/0!,#DIV/0!
130101,S'ang,0,0
171303,Khnang Phnum,-0.3125,0.3125
160503,La Bang Muoy,0,0
130106,Putrea,0,0
10403,Phnum Lieb,0,0
130105,Yhmea,0,0
130601,Chamraeun,0,0
10606,Phniet,#DIV/0!,#DIV/0!
130604,Sdau,0,0
190511,Thala,0,0
171304,Svay Leu,0,0
170605,Roung Kou,#DIV/0!,#DIV/0!
170703,Kdei Run,#DIV/0!,#DIV/0!
160502,Ka Laeng,0,0
130509,Reaksa,0,0
10405,Preah Netr Preah,0,0
170301,Khnar Sanday,0,0
170306,Tbaeng,0,0
130510,Rumdaoh,0,0
10607,Preah Ponlea,#DIV/0!,#DIV/0!
170602,Kampong Thkov,#DIV/0!,#DIV/0!
170711,Prey Chruk,0,0
190506,Ou Rai,-0.087873462,0.087873462
10608,Tuek Thla,#DIV/0!,#DIV/0!
10905,Tuol Pongro,0,0
190102,Kbal Romeas,-1.713475908,1.713475908
190501,Anlong Phe,-0.037133309,0.037133309
170715,Trei Nhoar,0,0
10605,Ou Ambel,#DIV/0!,#DIV/0!
160506,Seda,0,0
10503,Kuttasat,#DIV/0!,#DIV/0!
10603,Kaoh Pong Satv,#DIV/0!,#DIV/0!
170716,Yeang,#DIV/0!,#DIV/0!
160505,Pa Tang,0,0
170609,Sranal,0,0
170603,Kralanh,#DIV/0!,#DIV/0!
10505,Samraong,#DIV/0!,#DIV/0!
170712,Reul,0,0
10902,Malai,#DIV/0!,#DIV/0!
10906,Ta Kong,#DIV/0!,#DIV/0!
10903,Ou Sampor,0,0
10904,Ou Sralau,#DIV/0!,#DIV/0!
10205,Koy Maeng,#DIV/0!,#DIV/0!
170204,Svay Chek,0,0
160401,Serei Mongkol,0,0
10901,Boeng Beng,#DIV/0!,#DIV/0!
10209,Ruessei Kraok,#DIV/0!,#DIV/0!
190101,Kampun,-5.711206897,5.711206897
190502,Chamkar Leu,0,0
10404,Prasat,0,0
10202,Bat Trang,#DIV/0!,#DIV/0!
170701,Sasar Sdam,#DIV/0!,#DIV/0!
190402,Sarh Ruessei,0,0
170202,Leang Dai,0,0
170404,Khvav,0,0
10213,Ta Lam,0,0
170606,Sambuor,0,0
190403,Preah Bat,0,0
170304,Rumchek,0,0
10201,Banteay Neang,#DIV/0!,#DIV/0!
190401,Stung Treng,-45.97701149,45.97701149
160501,Chey Otdam,0,0
10208,Rohat Tuek,#DIV/0!,#DIV/0!
170707,Lvea,0,0
170702,Doun Kaev,#DIV/0!,#DIV/0!
160402,Srae Angkrong,0,0
10212,Srah Reang,#DIV/0!,#DIV/0!
190203,Kaoh Sralau,0,0
170708,Mukh Paen,0,0
170303,Preak Dak,#DIV/0!,#DIV/0!
10206,Ou Prasat,#DIV/0!,#DIV/0!
171301,Boeng Mealea,0,0
10203,Chamnaom,#DIV/0!,#DIV/0!
170305,Run Ta Aek,0,0
171107,Khnar Pou,0,0
10204,Kouk Ballangk,#DIV/0!,#DIV/0!
130505,Rik Reay,0,0
21000,,0,0
10211,Soea,#DIV/0!,#DIV/0!
10210,Sambuor,0,0
130511,Romtom,0,0
171101,Chan Sar,0,0
190503,Kang Cham,0,0
130506,Ruos Roan,0,0
171108,Popel,0,0
130605,Ronak Ser,0,0
190206,Siem Bouk,-0.01770695,0.01770695
170710,Puok,0,0
171003,Kouk Chak,0,0
171005,Nokor Thum,0,0
130508,Rieb Roy,0,0
190202,Kaoh Sampeay,-6.363636364,6.363636364
170705,Khnat,#DIV/0!,#DIV/0!
170903,Ballangk,#DIV/0!,#DIV/0!
60602,Dang Kambet,-1.748841129,1.748841129
130501,Robieb,0,0
170714,Tuek Vil,0,0
10207,Phnum Touch,#DIV/0!,#DIV/0!
170901,Ampil,#DIV/0!,#DIV/0!
170713,Samraong Yea,0,0
170709,Pou Treay,0,0
170406,Kouk Thlok Leu,0,0
190207,Srae Krasang,-27.67295597,27.67295597
20404,Prey Khpos,0,0
110203,Roya,-0.170419963,0.170419963
20207,Boeng Pring,0,0
130507,Rotanak,-6.839186691,6.839186691
171110,Ta Yaek,#DIV/0!,#DIV/0!
100406,Roluos Mean Chey,-3.597831444,3.597831444
170409,Pongro Leu,0,0
190205,Ou Ruessei Kandal,0,0
130503,Rohas,0,0
130502,Reaksmei,0,0
170704,Kaev Poar,-2.857142857,2.857142857
21100,,0,0
171010,Srangae,0,0
20206,Chrouy Sdau,0,0
20506,Prey Chas,0,0
171001,Sla Kram,#DIV/0!,#DIV/0!
170706,Krabei Riel,0,0
170902,Bakong,#DIV/0!,#DIV/0!
171002,Svay Dangkum,0,0
170905,Kantreang,#DIV/0!,#DIV/0!
20403,Lvea,#DIV/0!,#DIV/0!
110202,Ou Buon Leu,0,0
20405,Ampil Pram Daeum,0,0
100405,Ou Krieng,-3.600705614,3.600705614
20202,Ta Meun,0,0
170906,Kandaek,0,0
171008,Sambuor,-2.5,2.5
171004,Sala Kamraeuk,#DIV/0!,#DIV/0!
20210,Rung Chrey,#DIV/0!,#DIV/0!
130512,Romoniy,-3.023407022,3.023407022
171006,Chreav,-4.054054054,4.054054054
20507,Kaoh Chiveang,-1.470588235,1.470588235
20201,Ta Pung,0,0
130504,Rung Roeang,-0.528479154,0.528479154
190201,Kaoh Preah,0,0
170410,Ruessei Lok,0,0
170908,Roluos,0,0
190204,Ou Mreah,0,0
110201,Nang Khi Loek,0,0
171009,Siem Reab,0,0
170909,Trapeang Thum,#DIV/0!,#DIV/0!
171109,Samraong,#DIV/0!,#DIV/0!
20402,Khnach Romeas,#DIV/0!,#DIV/0!
20209,Bansay Traeng,#DIV/0!,#DIV/0!
170907,Mean Chey,#DIV/0!,#DIV/0!
20208,Kouk Khmum,#DIV/0!,#DIV/0!
60404,Sa Kream,-1.28606187,1.28606187
60604,Mean Ritth,-0.356076269,0.356076269
171106,Khchas,0,0
20401,Bavel,#DIV/0!,#DIV/0!
170904,Kampong Phluk,0,0
171102,Dam Daek,#DIV/0!,#DIV/0!
20505,Peam Aek,0,0
20501,Preaek Norint,0,0
60808,Popok,-2.769230769,2.769230769
170411,Sangvaeuy,0,0
99,,-21.97309417,21.97309417
20504,Preaek Luong,0,0
171103,Dan Run,0,0
171105,Kien Sangkae,#DIV/0!,#DIV/0!
20803,Ta Pon,0,0
170405,Kouk Thlok Kraom,0,0
20406,Kdol Ta Haen,0,0
60607,Sandan,-0.706090026,0.706090026
100401,Boeng Char,-0.017352074,0.017352074
20203,Ou Ta Ki,#DIV/0!,#DIV/0!
21205,,#DIV/0!,#DIV/0!
21206,,0,0
170408,Pongro Kraom,0,0
60402,Kraya,-0.79006772,0.79006772
60606,Ngan,-2.644836272,2.644836272
20205,Anlong Run,#DIV/0!,#DIV/0!
20503,Preaek Khpob,#DIV/0!,#DIV/0!
21204,,#DIV/0!,#DIV/0!
170403,Kampong Kdei,#DIV/0!,#DIV/0!
171104,Kampong Khleang,-56.96202532,56.96202532
20306,Kdol Doun Teav,#DIV/0!,#DIV/0!
20804,Roka,0,0
21203,,#DIV/0!,#DIV/0!
110205,Srae Huy,0,0
20502,Samraong Knong,#DIV/0!,#DIV/0!
20204,Chrey,#DIV/0!,#DIV/0!
21202,,#DIV/0!,#DIV/0!
20305,Sla Kaet,#DIV/0!,#DIV/0!
170407,Lveaeng Ruessei,0,0
20108,Ta Kream,0,0
20805,Kampong Preah,0,0
20304,Chamkar Samraong,#DIV/0!,#DIV/0!
60605,Mean Chey,0,0
60809,Pralay,-3.125,3.125
20802,Norea,0,0
240202,Stueng Trang,0,0
20309,Ou Char,#DIV/0!,#DIV/0!
20303,Rotanak,#DIV/0!,#DIV/0!
60405,Sala Visai,-0.933908046,0.933908046
170412,Spean Tnaot,-16.66666667,16.66666667
20701,Sdau,0,0
60813,Trea,0,0
60403,Phan Nheum,0,0
170402,Chi Kraeng,0,0
60407,Tuol Kreul,0,0
20310,Svay Pao,#DIV/0!,#DIV/0!
20801,Anlong Vil,#DIV/0!,#DIV/0!
20301,Tuol Ta Aek,#DIV/0!,#DIV/0!
60406,Sameakki,0,0
20605,Chrey,0,0
20307,Ou Mal,#DIV/0!,#DIV/0!
20302,Preaek Preah Sdach,#DIV/0!,#DIV/0!
110206,Srae Sangkom,0,0
60601,Chheu Teal,0,0
20308,Voat Kor,#DIV/0!,#DIV/0!
20809,Ou Dambang Pir,#DIV/0!,#DIV/0!
20808,Ou Dambang Muoy,#DIV/0!,#DIV/0!
170401,Anlong Samnar,-59.16666667,59.16666667
21201,,#DIV/0!,#DIV/0!
20806,Kampong Pring,0,0
20810,Voat Ta Muem,#DIV/0!,#DIV/0!
60401,Doung,0,0
20106,Phnum Sampov,0,0
240204,Ou Andoung,0,0
110204,Sokh Sant,0,0
60608,Sochet,-1.034126163,1.034126163
20104,Chheu Teal,0,0
20107,Snoeng,0,0
240201,Sala Krau,#DIV/0!,#DIV/0!
60609,Tum Ring,-4.66007022,4.66007022
60503,Sambour,0,0
100409,Srae Chis,0,0
60804,Kampong Chen Cheung,0,0
150105,Ou Ta Paong,0,0
60801,Banteay Stoung,0,0
20103,Bay Damram,#DIV/0!,#DIV/0!
60603,Klaeng,-0.502512563,0.502512563
20807,Reang Kesei,#DIV/0!,#DIV/0!
20606,Ta Loas,0,0
60501,Chhuk,0,0
60810,Preah Damrei,#DIV/0!,#DIV/0!
60202,Damrei Slab,0,0
20608,Prey Touch,0,0
100404,Kaoh Khnhaer,0,0
100403,Kbal Damrei,0,0
20704,Traeng,0,0
60806,Msar Krang,-49.49494949,49.49494949
20102,Kantueu Pir,0,0
60502,Koul,-6.231884058,6.231884058
60811,Rung Roeang,#DIV/0!,#DIV/0!
240203,Stueng Kach,0,0
60205,Ni Pechr,0,0
60805,Kampong Chen Tboung,#DIV/0!,#DIV/0!
20607,Kakaoh,0,0
150104,Me Tuek,-15.51724138,15.51724138
20101,Kantueu Muoy,#DIV/0!,#DIV/0!
100402,Kampong Cham,0,0
60812,Samprouch,-24.94004796,24.94004796
110401,Krang Teh,0,0
60803,Chamnar Leu,#DIV/0!,#DIV/0!
110402,Bu Chri,0,0
20105,Chaeng Mean Chey,0,0
21301,Thipakdei,#DIV/0!,#DIV/0!
60802,Chamnar Kraom,-4.851330203,4.851330203
240103,Tuol Lvea,0,0
240101,Pailin,-0.111234705,0.111234705
240104,Ba Yakha,0,0
60807,Peam Bang,-42.30769231,42.30769231
60504,Sraeung,0,0
60208,Tbaeng,0,0
20702,Andaeuk Haeb,0,0
240102,Ou Tavau,-0.666666667,0.666666667
60209,Trapeang Ruessei,0,0
60207,San Kor,0,0
60201,Chey,0,0
150101,Boeng Bat Kandaol,-56.25,56.25
60505,Tang Krasau,0,0
150107,Snam Preah,-11.11111111,11.11111111
20604,Ruessei Krang,0,0
21303,Hab,#DIV/0!,#DIV/0!
20703,Phlov Meas,0,0
20602,Kear,#DIV/0!,#DIV/0!
21305,Doun Ba,0,0
150206,Srae Sdok,#DIV/0!,#DIV/0!
20601,Moung Ruessei,#DIV/0!,#DIV/0!
150206,Srae Sdok,#DIV/0!,#DIV/0!
150206,Srae Sdok,#DIV/0!,#DIV/0!
150206,Srae Sdok,#DIV/0!,#DIV/0!
150206,Srae Sdok,#DIV/0!,#DIV/0!
21302,Koas Krala,#DIV/0!,#DIV/0!
150206,Srae Sdok,-4.891304348,4.891304348
150206,Srae Sdok,#DIV/0!,#DIV/0!
150206,Srae Sdok,#DIV/0!,#DIV/0!
150206,Srae Sdok,#DIV/0!,#DIV/0!
60701,Boeng Lvea,-1.881134133,1.881134133
150206,Srae Sdok,#DIV/0!,#DIV/0!
60204,Kampong Svay,#DIV/0!,#DIV/0!
150206,Srae Sdok,#DIV/0!,#DIV/0!
60705,Kraya,-8.439432521,8.439432521
100407,Sambour,0,0
100408,Sandan,0,0
20603,Prey Svay,#DIV/0!,#DIV/0!
100212,Sambok,0,0
150208,Sya,#DIV/0!,#DIV/0!
150208,Sya,-1.34529148,1.34529148
21304,Preah Phos,0,0
20609,Robas Mongkol,#DIV/0!,#DIV/0!
100202,Changkrang,0,0
150108,Svay Doun Kaev,#DIV/0!,#DIV/0!
21306,Chhnal Moan,-0.255754476,0.255754476
110101,Chong Phlah,0,0
150102,Boeng Khnar,#DIV/0!,#DIV/0!
150208,Sya,#DIV/0!,#DIV/0!
60709,Ti Pou,0,0
100410,Voadthonak,0,0
60206,Phat Sanday,-25.98425197,25.98425197
20900,,-0.164798945,0.164798945
60203,Kampong Kou,0,0
150208,Sya,#DIV/0!,#DIV/0!
60309,achar Leak,#DIV/0!,#DIV/0!
60308,Prey Ta Hu,#DIV/0!,#DIV/0!
150208,Sya,#DIV/0!,#DIV/0!
150208,Sya,#DIV/0!,#DIV/0!
60307,Prey Kuy,#DIV/0!,#DIV/0!
60305,Kdei Doung,#DIV/0!,#DIV/0!
150208,Sya,#DIV/0!,#DIV/0!
150208,Sya,#DIV/0!,#DIV/0!
150208,Sya,0,0
100302,Chrouy Banteay,-0.414078675,0.414078675
60311,Tboung Krapeu,0,0
150208,Sya,#DIV/0!,#DIV/0!
100215,Thmei,0,0
60306,Kampong Krabau,#DIV/0!,#DIV/0!
110404,Bu Sra,-0.038328862,0.038328862
60303,Kampong Roteh,#DIV/0!,#DIV/0!
60301,Damrei Choan Khla,#DIV/0!,#DIV/0!
150203,Kandieng,0,0
60302,Kampong Thum,#DIV/0!,#DIV/0!
60304,Ou Kanthor,#DIV/0!,#DIV/0!
150306,Kampong Pou,-3.448275862,3.448275862
150204,Kanhchor,0,0
20611,Preaek Chik,0,0
60704,Kakaoh,0,0
60310,Srayov,0,0
150502,Kaoh Chum,#DIV/0!,#DIV/0!
60702,Chroab,0,0
110502,Sokh Dom,0,0
20612,Prey Tralach,0,0
150308,Ou Sandan,-1.290322581,1.290322581
110403,Srae Ampum,0,0
150309,Sna Ansa,-7.829181495,7.829181495
150207,Svay Luong,#DIV/0!,#DIV/0!
150106,Rumlech,#DIV/0!,#DIV/0!
150110,Trapeang Chong,#DIV/0!,#DIV/0!
150103,Khnar Totueng,#DIV/0!,#DIV/0!
60708,Tang Krasang,0,0
150201,Anlong Vil,#DIV/0!,#DIV/0!
110103,Srae Chhuk,0.423728814,-0.423728814
100203,Dar,0,0
40404,Phlov Tuk,-29.77099237,29.77099237
110503,Spean Mean Chey,0,0
150301,Anlong Tnaot,-3.902439024,3.902439024
60703,Kampong Thma,0,0
100205,Kou Loab,0,0
60707,Prasat,#DIV/0!,#DIV/0!
60701,Boeng Lvea,#DIV/0!,#DIV/0!
110504,Romonea,0,0
150504,Phteah Prey,#DIV/0!,#DIV/0!
110102,Me Mang,0,0
150307,Kbal Trach,-2.040816327,2.040816327
150209,Veal,#DIV/0!,#DIV/0!
100214,Thma Kreae,0,0
150109,Ta Lou,0,0
150602,,-0.257400257,0.257400257
150303,Boeng Kantuot,#DIV/0!,#DIV/0!
40401,Chranouk,-1.818181818,1.818181818
150202,Banteay Dei,#DIV/0!,#DIV/0!
110301,Dak Dam,-1.843733883,1.843733883
150302,Ansa Chambak,0,0
150507,Svay at,#DIV/0!,#DIV/0!
40102,Chhnok Tru,#DIV/0!,#DIV/0!
110501,Monourom,0,0
40102,Chhnok Tru,#DIV/0!,#DIV/0!
60105,Chaeung Daeung,0,0
150302,Ansa Chambak,#DIV/0!,#DIV/0!
60706,Pnov,0,0
150505,Prey Nhi,#DIV/0!,#DIV/0!
100307,Saob,-18.92976589,18.92976589
100208,Krakor,0,0
60117,Tnaot Chum,#DIV/0!,#DIV/0!
150503,Lolok Sa,#DIV/0!,#DIV/0!
60101,Bak Sna,0,0
40102,Chhnok Tru,#DIV/0!,#DIV/0!
150506,Roleab,0,0
60111,Krava,#DIV/0!,#DIV/0!
100207,Kaoh Trong,0,0
100210,Ou Ruessei,#DIV/0!,#DIV/0!
150311,Tnaot Chum,0,0
40102,Chhnok Tru,#DIV/0!,#DIV/0!
150403,Phteah Rung,0,0
40102,Chhnok Tru,#DIV/0!,#DIV/0!
100505,Svay Chreah,-1.912803722,1.912803722
40102,Chhnok Tru,0,0
40406,Pralay Meas,-28.57142857,28.57142857
150401,Bak Chenhchien,#DIV/0!,#DIV/0!
150501,Chamraeun Phal,0,0
60102,Ballangk,0,0
150407,Samraong,-0.06351895,0.06351895
31514,Tuol Sambuor,-2.272727273,2.272727273
40406,Pralay Meas,0,0
100204,Kantuot,0,0
40111,Trapeang Chan,0,0
100209,Kracheh,#DIV/0!,#DIV/0!
60108,Chong Doung,0,0
31506,Ou Mlu,0,0
31503,Dang Kdar,0,0
60110,Kokir Thum,0,0
40103,Chak,#DIV/0!,#DIV/0!
40104,Khon Rang,#DIV/0!,#DIV/0!
40105,Kampong Preah Kokir,#DIV/0!,#DIV/0!
100211,Roka Kandal,0,0
40104,Khon Rang,0,0
110504,Romonea,0,0
100301,Chambak,-9.058614565,9.058614565
100305,Preaek Prasab,-8.93970894,8.93970894
100306,Ruessei Kaev,-8.620689655,8.620689655
110302,Saen Monourom,1.918024172,-1.918024172
40402,Dar,0,0
40110,Ponley,#DIV/0!,#DIV/0!
150404,Prongil,0,0
100201,Bos Leav,0,0
100213,Thma Andaeuk,0,0
40105,Kampong Preah Kokir,-100,100
150603,,-0.881750905,0.881750905
31501,Areaks Tnaot,0,0
40107,Phsar,0,0
60104,Boeng,0,0
40109,Popel,#DIV/0!,#DIV/0!
60103,Baray,0,0
40108,Pech Changvar,0,0
150604,,-0.103722485,0.103722485
110105,Srae Preah,2.695567598,-2.695567598
40106,Melum,0,0
60107,Chhuk Khsach,#DIV/0!,#DIV/0!
40405,Pou,0,0
31504,Khpob Ta Nguon,-4.545454545,4.545454545
100206,Kaoh Chraeng,#DIV/0!,#DIV/0!
150310,Svay Sa,0,0
100501,Khsuem,-6.093017666,6.093017666
150605,,-0.128444652,0.128444652
150304,Chheu Tom,0,0
30208,Ta Prok,#DIV/0!,#DIV/0!
100308,Ta Mau,-13.10160428,13.10160428
100303,Kampong Kor,0,0
40407,Samraong Saen,-59.25925926,59.25925926
30202,Chamkar Andoung,0,0
150402,Leach,0,0
40101,Anhchanh Rung,0,0
30204,Lvea Leu,0,0
30205,Spueu,0,0
31510,Preaek Kak,0,0
60118,Treal,-7.567567568,7.567567568
40408,Svay Rumpear,0,0
40612,Svay Chrum,0,0
100105,Kanhchor,0,0
40608,Prasneb,0,0
40806,Krang Skear,0,0
31505,Me Sar Chrey,#DIV/0!,#DIV/0!
150406,Santreae,0,0
150405,Rokat,0,0
30203,Cheyyou,0,0
31507,Peam Kaoh Sna,0,0
40409,Trangel,0,0
31508,Preah Andoung,#DIV/0!,#DIV/0!
60115,Sralau,-1.818181818,1.818181818
40602,Banteay Preal,0,0
30206,Svay Teab,0,0
40301,Phsar Chhnang,#DIV/0!,#DIV/0!
40304,Khsam,#DIV/0!,#DIV/0!
60112,Andoung Pou,0,0
110104,Srae Khtum,-0.178810907,0.178810907
31512,Soupheas,0,0
40403,Kampong hau,#DIV/0!,#DIV/0!
30905,Krouch Chhmar,0,0
40607,Pongro,0,0
40204,Peam Chhkaok,0,0
100108,Preaek Saman,-11.65048544,11.65048544
60109,Chrolong,0,0
30911,Trea,0,0
30207,Ta Ong,0,0
30910,Svay Khleang,0,0
100304,Kaoh Ta Suy,#DIV/0!,#DIV/0!
30907,Peus Pir,0,0
60113,Pongro,0,0
60106,Chranieng,#DIV/0!,#DIV/0!
150601,,-0.585417775,0.585417775
100101,Chhloung,0,0
30906,Peus Muoy,0,0
40611,Srae Thmei,0,0
31513,Tuol Preah Khleang,0,0
40302,Kampong Chhnang,#DIV/0!,#DIV/0!
60114,Sou Young,#DIV/0!,#DIV/0!
100103,Han Chey,0,0
30111,Trab,0,0
100107,Pongro,0,0
100106,Khsach Andaet,0,0
30909,Roka Khnaor,0,0
30902,Chumnik,0,0
100102,Damrei Phong,-14.85875706,14.85875706
40303,Ph'er,#DIV/0!,#DIV/0!
40203,Kampong Os,#DIV/0!,#DIV/0!
40606,Krang Leav,#DIV/0!,#DIV/0!
60116,Svay Phleung,#DIV/0!,#DIV/0!
30108,Sandaek,0,0
30908,Preaek a Chi,0,0
30901,Chhuk,0,0
30305,Pring Chrum,#DIV/0!,#DIV/0!
40604,Chrey Bak,0,0
31509,Preaek Bak,#DIV/0!,#DIV/0!
30405,Seda,0,0
30306,Sampong Chey,#DIV/0!,#DIV/0!
30912,Tuol Snuol,0,0
31302,Boeng Nay,#DIV/0!,#DIV/0!
30201,Bos Khnaor,0,0
100503,Snuol,0,0
40605,Kouk Banteay,0,0
40205,Prey Kri,#DIV/0!,#DIV/0!
30407,Trapeang Pring,0,0
100104,Kampong Damrei,-7.382550336,7.382550336
40201,Chol Sar,#DIV/0!,#DIV/0!
31313,Thma Pun,#DIV/0!,#DIV/0!
40601,Andoung Snay,#DIV/0!,#DIV/0!
40610,Rolea B'ier,#DIV/0!,#DIV/0!
30613,Srak,0,0
40609,Prey Mul,#DIV/0!,#DIV/0!
30904,Kaoh Pir,#DIV/0!,#DIV/0!
30602,Han Chey,#DIV/0!,#DIV/0!
31306,Krouch,#DIV/0!,#DIV/0!
31305,Kor,#DIV/0!,#DIV/0!
100504,Srae Char,0,0
40807,Tang Krasang,#DIV/0!,#DIV/0!
31011,Rumchek,0,0
30903,Kampong Treas,0,0
40603,Cheung Kreav,0,0
30307,Sdaeung Chey,#DIV/0!,#DIV/0!
31315,Trapeang Preah,#DIV/0!,#DIV/0!
40802,Chieb,0,0
40202,Kaoh,0,0
100502,Pir Thnu,-8.523447402,8.523447402
30310,Trapeang Kor,#DIV/0!,#DIV/0!
31615,Peam Chileang,0,0
30610,Ou Svay,#DIV/0!,#DIV/0!
31616,Roka Po Pram,0,0
40805,Khlong Popok,0,0
30612,Rumchek,#DIV/0!,#DIV/0!
31301,Baray,#DIV/0!,#DIV/0!
40613,Tuek Hout,#DIV/0!,#DIV/0!
30603,Kien Chrey,0,0
40508,Saeb,#DIV/0!,#DIV/0!
90701,Ta Tey Leu,0,0
30614,Trean,0,0
30110,Tang Krasang,#DIV/0!,#DIV/0!
30607,Kaoh Samraong,#DIV/0!,#DIV/0!
30112,Tumnob,#DIV/0!,#DIV/0!
31310,Sour Saen,#DIV/0!,#DIV/0!
31309,Prey Chhor,#DIV/0!,#DIV/0!
31621,Thma Pechr,0,0
30309,Srama,#DIV/0!,#DIV/0!
30402,Dambae,0,0
30303,Phdau Chum,#DIV/0!,#DIV/0!
30302,Kouk Rovieng,#DIV/0!,#DIV/0!
30609,Krala,#DIV/0!,#DIV/0!
31304,Khvet Thum,#DIV/0!,#DIV/0!
30308,Soutip,#DIV/0!,#DIV/0!
30301,Khnaor Dambang,0,0
50403,Trapeang Chour,-0.022660322,0.022660322
30104,Cheung Prey,#DIV/0!,#DIV/0!
40501,Ampil Tuek,#DIV/0!,#DIV/0!
31602,Boeng Pruol,0,0
31303,Chrey Vien,#DIV/0!,#DIV/0!
30611,Ro'ang,0,0
31312,Srangae,#DIV/0!,#DIV/0!
31307,Lvea,#DIV/0!,#DIV/0!
30105,Me Pring,#DIV/0!,#DIV/0!
40801,Akphivoadth,#DIV/0!,#DIV/0!
40502,Chhuk Sa,#DIV/0!,#DIV/0!
40509,Ta Ches,#DIV/0!,#DIV/0!
31308,Mien,#DIV/0!,#DIV/0!
30304,Prey Char,#DIV/0!,#DIV/0!
30615,Vihear Thum,0,0
31311,Samraong,#DIV/0!,#DIV/0!
40702,Khnar Chhmar,#DIV/0!,#DIV/0!
30106,Ph'av,#DIV/0!,#DIV/0!
40803,Chaong Maong,0,0
31006,Kampoan,0,0
31314,Tong Rong,#DIV/0!,#DIV/0!
30601,Ampil,#DIV/0!,#DIV/0!
40808,Tuol Khpos,0,0
31605,Chirou Muoy,0,0
90501,Bak Khlang,-0.157955198,0.157955198
30706,Preaek Krabau,0,0
31612,Kor,0,0
31606,Chirou Pir,0,0
30403,Kouk Srok,#DIV/0!,#DIV/0!
30501,Boeng Kok,#DIV/0!,#DIV/0!
40804,Kbal Tuek,0,0
30101,Batheay,#DIV/0!,#DIV/0!
40510,Thma Edth,#DIV/0!,#DIV/0!
31622,Tonle Bet,0,0
30707,Reay Pay,#DIV/0!,#DIV/0!
30502,Kampong Cham,#DIV/0!,#DIV/0!
30711,Sour Kong,#DIV/0!,#DIV/0!
30504,Veal Vong,#DIV/0!,#DIV/0!
40503,Chres,#DIV/0!,#DIV/0!
30709,Roka Koy,0,0
31623,Vihear Luong,0,0
30503,Sambuor Meas,#DIV/0!,#DIV/0!
30701,Angkor Ban,0,0
30606,Kaoh Roka,0,0
31014,Tonlung,0,0
40703,Krang Lvea,0,0
30605,Kaoh Mitt,0,0
30604,Kokor,0,0
30102,Chbar Ampov,#DIV/0!,#DIV/0!
31608,Chob,0,0
31619,Suong,#DIV/0!,#DIV/0!
31007,Memong,0,0
40709,Thlok Vien,#DIV/0!,#DIV/0!
31004,Choam Ta Mau,0,0
40504,Kampong Tralach,0,0
31613,Lngieng,#DIV/0!,#DIV/0!
30705,Preaek Koy,#DIV/0!,#DIV/0!
30704,Peam Chi Kang,0,0
40506,Ou Ruessei,0,0
30703,Khchau,#DIV/0!,#DIV/0!
50801,Amleang,0,0
30406,Tuek Chrov,0,0
30401,Chong Cheach,#DIV/0!,#DIV/0!
40507,Peani,#DIV/0!,#DIV/0!
30802,Kaoh Soutin,#DIV/0!,#DIV/0!
50406,,0,0
31618,Sralab,#DIV/0!,#DIV/0!
30608,Kaoh Tontuem,#DIV/0!,#DIV/0!
31411,Ruessei Srok,#DIV/0!,#DIV/0!
90702,Pralay,0,0
30103,Chealea,#DIV/0!,#DIV/0!
31016,Kokir,0,0
31413,Svay Sach Phnum,0,0
31404,Kaoh  Andaet,#DIV/0!,#DIV/0!
30805,Moha Khnhoung,#DIV/0!,#DIV/0!
30107,Sambour,#DIV/0!,#DIV/0!
40708,Tbaeng Khpos,#DIV/0!,#DIV/0!
30801,Kampong Reab,#DIV/0!,#DIV/0!
30808,Preaek Ta Nong,0,0
31410,Preaek Rumdeng,#DIV/0!,#DIV/0!
40705,Sedthei,#DIV/0!,#DIV/0!
50405,Ta Sal,0,0
31614,Moung Riev,#DIV/0!,#DIV/0!
31408,Preaek Dambouk,#DIV/0!,#DIV/0!
40505,Longveaek,#DIV/0!,#DIV/0!
31107,Preah Theat,0,0
30806,Peam Prathnuoh,0,0
30702,Kang Ta Noeng,#DIV/0!,#DIV/0!
30708,Roka ar,#DIV/0!,#DIV/0!
31106,Peam Cheang,0,0
30404,Neang Teut,#DIV/0!,#DIV/0!
30807,Pongro,0,0
31204,Kandaol Chrum,0,0
31013,Tramung,#DIV/0!,#DIV/0!
30710,Sdau,#DIV/0!,#DIV/0!
31406,Pteah Kandal,#DIV/0!,#DIV/0!
80905,Kaoh Chen,#DIV/0!,#DIV/0!
31401,Baray,#DIV/0!,#DIV/0!
30109,Tang Krang,#DIV/0!,#DIV/0!
40707,Svay Chuk,0,0
80903,Kampong Luong,#DIV/0!,#DIV/0!
30803,Lve,0,0
31604,Chikor,#DIV/0!,#DIV/0!
80707,Roka Kaong Muoy,#DIV/0!,#DIV/0!
31209,Veal Mlu,0,0
80711,Svay Ampear,#DIV/0!,#DIV/0!
31008,Memot,#DIV/0!,#DIV/0!
31207,Popel,0,0
31601,Anhchaeum,#DIV/0!,#DIV/0!
31005,Dar,0,0
141207,Preaek Changkran,#DIV/0!,#DIV/0!
30804,Moha Leaph,0,0
40706,Svay,#DIV/0!,#DIV/0!
31206,Kraek,0,0
40704,Peam,0,0
141204,Pnov Ti Muoy,#DIV/0!,#DIV/0!
80708,Roka Kaong Pir,#DIV/0!,#DIV/0!
31003,Choam Kravien,0,0
40701,Chhean Laeung,0,0
31108,Tuol Sophi,#DIV/0!,#DIV/0!
31409,Preaek Pou,#DIV/0!,#DIV/0!
80317,Ta Aek,#DIV/0!,#DIV/0!
31405,Mean Chey,#DIV/0!,#DIV/0!
141210,Rumlech,#DIV/0!,#DIV/0!
31105,Mien,#DIV/0!,#DIV/0!
141203,Lve,#DIV/0!,#DIV/0!
31101,Ampil Ta Pok,#DIV/0!,#DIV/0!
80704,Preaek Dambang,#DIV/0!,#DIV/0!
80914,Vihear Luong,#DIV/0!,#DIV/0!
80304,Kaoh Chouram,0,0
31103,Damrel,0,0
31407,Pram Yam,#DIV/0!,#DIV/0!
80904,Kampong Os,0,0
31102,Chak,#DIV/0!,#DIV/0!
141202,Chrey Khmum,#DIV/0!,#DIV/0!
50511,Veang Chas,#DIV/0!,#DIV/0!
31104,Kong Chey,#DIV/0!,#DIV/0!
80710,Sambuor Meas,0,0
80911,Phsar Daek,0,0
31205,Kaong Kang,0,0
80316,Svay Romiet,#DIV/0!,#DIV/0!
50507,Preah Srae,#DIV/0!,#DIV/0!
141205,Pnov Ti Pir,#DIV/0!,#DIV/0!
50510,Veal  Pung,#DIV/0!,#DIV/0!
31202,Doun Tei,0,0
31412,Svay Pou,#DIV/0!,#DIV/0!
31015,Treak,#DIV/0!,#DIV/0!
31403,Khnar Sa,#DIV/0!,#DIV/0!
80907,Ponhea Lueu,#DIV/0!,#DIV/0!
50807,Veal Pon,#DIV/0!,#DIV/0!
80709,Ruessei Chrouy,0,0
140805,Mesa Prachan,0,0
31001,Chan Mul,#DIV/0!,#DIV/0!
140809,Prey Sralet,0,0
31203,Kak,0,0
141208,Prey Daeum Thnoeng,#DIV/0!,#DIV/0!
80906,Phnum Bat,#DIV/0!,#DIV/0!
80306,Preah Prasab,0,0
31414,Tong Tralach,#DIV/0!,#DIV/0!
31010,Rung,#DIV/0!,#DIV/0!
80913,Tumnob Thum,#DIV/0!,#DIV/0!
80703,Preaek Anhchanh,#DIV/0!,#DIV/0!
50802,Monourom,#DIV/0!,#DIV/0!
141209,Prey Tueng,#DIV/0!,#DIV/0!
141211,Ruessei Sanh,#DIV/0!,#DIV/0!
50804,Prambei Mom,0,0
31402,Chi Bal,#DIV/0!,#DIV/0!
80310,Preaek Ta Meak,#DIV/0!,#DIV/0!
141201,Ampil Krau,#DIV/0!,#DIV/0!
31002,Choam,#DIV/0!,#DIV/0!
31208,Trapeang Phlong,0,0
80910,Preaek Ta Teaen,#DIV/0!,#DIV/0!
50404,Sangkae Satob,0,0
140408,Tnaot,#DIV/0!,#DIV/0!
140802,Kanhcham,#DIV/0!,#DIV/0!
50509,Trach Tong,#DIV/0!,#DIV/0!
90704,Ruessei Chrum,-0.152369343,0.152369343
80312,Roka Chonlueng,#DIV/0!,#DIV/0!
140405,Kouk Kong Lech,0,0
140404,Kouk Kong Kaeut,0,0
50805,Rung Roeang,#DIV/0!,#DIV/0!
80302,Chey Thum,#DIV/0!,#DIV/0!
80902,Chrey Loas,#DIV/0!,#DIV/0!
80311,Puk Ruessei,#DIV/0!,#DIV/0!
80701,Bak Khaeng,0,0
50504,Khsem Khsan,#DIV/0!,#DIV/0!
140402,Kanhchriech,0,0
141206,Pou Ti,#DIV/0!,#DIV/0!
140201,Cheach,0,0
50506,Mean Chey,#DIV/0!,#DIV/0!
80313,Sanlung,#DIV/0!,#DIV/0!
140403,Kdoeang Reay,#DIV/0!,#DIV/0!
140407,Thma Pun,0,0
80912,Samraong,0,0
50501,Chant Saen,#DIV/0!,#DIV/0!
140811,Roka,#DIV/0!,#DIV/0!
80702,Kaoh Dach,0,0
50512,Yutth Sameakki,#DIV/0!,#DIV/0!
140807,Prey Pnov,#DIV/0!,#DIV/0!
80318,Vihear Suork,#DIV/0!,#DIV/0!
80901,Chhveang,#DIV/0!,#DIV/0!
140801,Kampong Popil,#DIV/0!,#DIV/0!
140401,Chong Ampil,#DIV/0!,#DIV/0!
80314,Sithor,#DIV/0!,#DIV/0!
140204,Krabau,0,0
80909,Preaek Pnov,#DIV/0!,#DIV/0!
50808,Yea Angk,0,0
140406,Preal,0,0
140810,Reab,#DIV/0!,#DIV/0!
80809,Mkak,#DIV/0!,#DIV/0!
90703,Chumnoab,0,0
120708,Preaek Lieb,0,0
80307,Preaek Ampil,0,0
80908,Ponhea Pon,0,0
80303,Kampong Chamlang,#DIV/0!,#DIV/0!
120709,Preaek Ta Sek,0,0
50502,Cheung Roas,#DIV/0!,#DIV/0!
140205,Seang Khveang,0,0
50513,Damnak Reang,#DIV/0!,#DIV/0!
120503,Kouk Roka,0,0
120703,Svay Pak,#DIV/0!,#DIV/0!
80305,Kaoh Oknha Tei,#DIV/0!,#DIV/0!
90401,Smach Mean Chey,0,0
80812,Ponsang,0,0
140208,Tr?b?k,#DIV/0!,#DIV/0!
141008,Prey Khla,#DIV/0!,#DIV/0!
120701,Khmuonh,#DIV/0!,#DIV/0!
90303,Ta Tai Kraom,0,0
80816,Tuol Prech,#DIV/0!,#DIV/0!
80308,Preaek Luong,0,0
140203,Kranhung,0,0
140808,Prey Sniet,#DIV/0!,#DIV/0!
80602,Barong,0,0
90304,Trapeang Rung,0.238972419,-0.238972419
50401,Haong Samnam,0,0
120711,Chrang Chamreh Muoy,#DIV/0!,#DIV/0!
50402,Reaksmei Sameakki,0,0
50508,Prey Krasang,#DIV/0!,#DIV/0!
120712,Chrang Chamreh Pir,#DIV/0!,#DIV/0!
90703,Chumnoab,0,0
50806,Toap Mean,0,0
140803,Kampong Prang,#DIV/0!,#DIV/0!
120704,Kiloumaetr Lekh Prammuoy,#DIV/0!,#DIV/0!
50505,Krang Chek,#DIV/0!,#DIV/0!
50514,Peang Lvea,#DIV/0!,#DIV/0!
80309,Preaek Ta Kov,0,0
50515,Phnum Touch,#DIV/0!,#DIV/0!
90605,Dang Peaeng,0,0
120511,Krang Thnong,#DIV/0!,#DIV/0!
80301,Bak Dav,#DIV/0!,#DIV/0!
141002,Chea Khlang,#DIV/0!,#DIV/0!
120706,Ruessei Kaev,#DIV/0!,#DIV/0!
90402,Dang Tong,#DIV/0!,#DIV/0!
140804,Kampong Ruessei,#DIV/0!,#DIV/0!
90403,Stueng Veaeng,0,0
141010,Svay Antor,#DIV/0!,#DIV/0!
140202,Doun Koeng,#DIV/0!,#DIV/0!
120710,Chrouy Changva,#DIV/0!,#DIV/0!
80815,Snao,#DIV/0!,#DIV/0!
120509,Samraong Kraom,#DIV/0!,#DIV/0!
50714,Tumpoar Meas,0,0
80315,Svay Chrum,#DIV/0!,#DIV/0!
120705,Phnom Penh Thmei,#DIV/0!,#DIV/0!
141007,Popueus,#DIV/0!,#DIV/0!
141107,Prey Kanlaong,#DIV/0!,#DIV/0!
140206,Smaong Cheung,#DIV/0!,#DIV/0!
90503,Tuol Kokir Leu,0,0
50503,Chumpu Proeks,#DIV/0!,#DIV/0!
200416,Tras,0,0
200403,Andoung Trabaek,0,0
120702,Tuol Sangkae,#DIV/0!,#DIV/0!
80613,Sarikakaev,-29.41176471,29.41176471
80609,Preaek Kmeng,#DIV/0!,#DIV/0!
80814,Samraong Leu,#DIV/0!,#DIV/0!
141003,Chrey,#DIV/0!,#DIV/0!
80810,Ovlaok,#DIV/0!,#DIV/0!
141104,Pou Rieng,#DIV/0!,#DIV/0!
120407,Boeng Kak Muoy,#DIV/0!,#DIV/0!
120210,Srah Chak,#DIV/0!,#DIV/0!
120408,Boeng Kak Pir,#DIV/0!,#DIV/0!
50703,Khtum Krang,#DIV/0!,#DIV/0!
140806,Preaek Ta Sar,#DIV/0!,#DIV/0!
80601,Akreiy Ksatr,#DIV/0!,#DIV/0!
80607,Peam Oknha Ong,#DIV/0!,#DIV/0!
90502,Peam Krasaob,0,0
120502,Trapeang krasang,#DIV/0!,#DIV/0!
141001,Angkor Tret,#DIV/0!,#DIV/0!
120211,Voat Phnum,#DIV/0!,#DIV/0!
120205,Phsar Kandal Muoy,#DIV/0!,#DIV/0!
120209,Phsar Chas,#DIV/0!,#DIV/0!
120401,Phsar Depou Muoy,#DIV/0!,#DIV/0!
120201,Phsar Thmei Muoy,#DIV/0!,#DIV/0!
120404,Tuek L'ak Muoy,#DIV/0!,#DIV/0!
120202,Phsar Thmei Pir,#DIV/0!,#DIV/0!
120305,Monourom,#DIV/0!,#DIV/0!
120306,Mittakpheap,#DIV/0!,#DIV/0!
50705,Pneay,#DIV/0!,#DIV/0!
120707,Tuek Thla,#DIV/0!,#DIV/0!
120206,Phsar Kandal Pir,#DIV/0!,#DIV/0!
120203,Phsar Thmei Bei,#DIV/0!,#DIV/0!
120506,Kakab,#DIV/0!,#DIV/0!
141005,Me Bon,#DIV/0!,#DIV/0!
90603,Chi Kha Leu,0.082253753,-0.082253753
120402,Phsar Depou Pir,#DIV/0!,#DIV/0!
120307,Veal Vong,#DIV/0!,#DIV/0!
120208,Chey Chumneah,#DIV/0!,#DIV/0!
120304,Ou Ruessei Buon,#DIV/0!,#DIV/0!
80605,Kaoh Reah,#DIV/0!,#DIV/0!
120204,Boeng Reang,#DIV/0!,#DIV/0!
120303,Ou Ruessei Bei,#DIV/0!,#DIV/0!
120405,Tuek L'ak Pir,#DIV/0!,#DIV/0!
120403,Phsar Depou Bei,#DIV/0!,#DIV/0!
120301,Ou Ruessei Muoy,#DIV/0!,#DIV/0!
120302,Ou Ruessei Pir,#DIV/0!,#DIV/0!
80805,Kamboul,#DIV/0!,#DIV/0!
200410,Krasang,#DIV/0!,#DIV/0!
120406,Tuek L'ak Bei,#DIV/0!,#DIV/0!
120207,Chakto Mukh,#DIV/0!,#DIV/0!
80610,Preaek Rey,#DIV/0!,#DIV/0!
120308,Boeng Prolit,#DIV/0!,#DIV/0!
120608,Nirouth,#DIV/0!,#DIV/0!
120409,Phsar Daeum Kor,#DIV/0!,#DIV/0!
50708,Sambour,#DIV/0!,#DIV/0!
120516,,#DIV/0!,#DIV/0!
120107,Tuol Svay Prey Pir,#DIV/0!,#DIV/0!
120410,Boeng Salang,#DIV/0!,#DIV/0!
120101,Tonle Basak,#DIV/0!,#DIV/0!
120102,Boeng Keng Kang Muoy,#DIV/0!,#DIV/0!
50707,Samraong Tong,#DIV/0!,#DIV/0!
120105,Oulampik,#DIV/0!,#DIV/0!
120103,Boeng Keng Kang Pir,#DIV/0!,#DIV/0!
120106,Tuol Svay Prey Muoy,#DIV/0!,#DIV/0!
80212,Veal Sbov,#DIV/0!,#DIV/0!
120505,Chaom Chau,#DIV/0!,#DIV/0!
120108,Tumnob Tuek,#DIV/0!,#DIV/0!
120605,Chbar Ampov Pir,#DIV/0!,#DIV/0!
120104,Boeng Keng kang Bei,#DIV/0!,#DIV/0!
120601,Stueng Mean Chey,#DIV/0!,#DIV/0!
80803,Chhak Chheu Neang,#DIV/0!,#DIV/0!
141108,Ta Kao,#DIV/0!,#DIV/0!
80209,Preaek Aeng,#DIV/0!,#DIV/0!
80804,Damnak Ampil,#DIV/0!,#DIV/0!
80614,Thma Kor,#DIV/0!,#DIV/0!
120109,Tuol Tumpung Pir,#DIV/0!,#DIV/0!
120602,Boeng Tumpun,#DIV/0!,#DIV/0!
120110,Tuol Tumpung Muoy,#DIV/0!,#DIV/0!
120111,Boeng Trabaek,#DIV/0!,#DIV/0!
80205,Kbal Kaoh,0,0
141105,Preaek Anteah,#DIV/0!,#DIV/0!
80208,Phum Thum,0,0
140207,Smaong Tboung,#DIV/0!,#DIV/0!
80801,Baek Chan,#DIV/0!,#DIV/0!
120112,Phsar Daeum Thkov,#DIV/0!,#DIV/0!
80806,Kantaok,#DIV/0!,#DIV/0!
120604,Chbar Ampov Muoy,#DIV/0!,#DIV/0!
80608,Phum Thum,#DIV/0!,#DIV/0!
80811,Peuk,#DIV/0!,#DIV/0!
50605,Krang Dei Vay,0,0
120606,Chak Angrae Leu,#DIV/0!,#DIV/0!
141004,Damrei Puon,0,0
50711,Tang Krouch,#DIV/0!,#DIV/0!
120603,Preaek Pra,#DIV/0!,#DIV/0!
80615,Tuek Khleang,#DIV/0!,#DIV/0!
80206,Kokir,0,0
141102,Cheung Tuek,#DIV/0!,#DIV/0!
120501,Dangkao,0,0
50715,Voa Sa,#DIV/0!,#DIV/0!
120607,Chak Angrae Kraom,0,0
120510,Prey Sa,#DIV/0!,#DIV/0!
50201,Chbar Mon,#DIV/0!,#DIV/0!
80203,Dei Edth,0,0
141006,Pean Roung,#DIV/0!,#DIV/0!
50713,Trapeang Kong,#DIV/0!,#DIV/0!
120504,Phleung Chheh Roteh,#DIV/0!,#DIV/0!
200413,Sambuor,#DIV/0!,#DIV/0!
90302,Kaoh Kapi,0,0
80813,Prey Puok,#DIV/0!,#DIV/0!
120515,Cheung Aek,0,0
80807,Krang Mkak,#DIV/0!,#DIV/0!
120507,Pong Tuek,#DIV/0!,#DIV/0!
200409,Kokir,0,0
120508,Prey Veaeng,#DIV/0!,#DIV/0!
80808,Lumhach,#DIV/0!,#DIV/0!
50203,Roka Thum,#DIV/0!,#DIV/0!
141103,Kampong Leav,#DIV/0!,#DIV/0!
80802,Boeng Thum,#DIV/0!,#DIV/0!
80603,Boeng Krum,#DIV/0!,#DIV/0!
200401,Ampil,0,0
50204,Sopoar Tep,#DIV/0!,#DIV/0!
80201,Banteay Daek,#DIV/0!,#DIV/0!
81103,Daeum Mien,#DIV/0!,#DIV/0!
80210,Preaek Thmei,0,0
141106,Preaek Chrey,#DIV/0!,#DIV/0!
80611,Preaek Ruessei,#DIV/0!,#DIV/0!
81104,Ta Khmau,#DIV/0!,#DIV/0!
140506,Prey Totueng,#DIV/0!,#DIV/0!
50610,Tang Samraong,0,0
80202,Chheu Teal,0,0
120513,Prateah Lang,#DIV/0!,#DIV/0!
81102,Preaek Ruessei,#DIV/0!,#DIV/0!
141101,Baray,#DIV/0!,#DIV/0!
80606,Lvea Sa,#DIV/0!,#DIV/0!
80124,Spean Thma,#DIV/0!,#DIV/0!
140507,Svay Chrum,#DIV/0!,#DIV/0!
81101,Ta Kdol,#DIV/0!,#DIV/0!
50701,Roleang Chak,#DIV/0!,#DIV/0!
50202,Kandaol Dom,#DIV/0!,#DIV/0!
141009,Samraong,#DIV/0!,#DIV/0!
81106,Kampong Samnanh,#DIV/0!,#DIV/0!
200414,Sambatt Mean Chey,0,0
90301,Chrouy Pras,-0.589390963,0.589390963
50706,Roleang Kreul,#DIV/0!,#DIV/0!
120514,Sak Sampov,#DIV/0!,#DIV/0!
200406,Chrey Thum,0,0
80114,Preaek Kampis,#DIV/0!,#DIV/0!
80106,Daeum Rues,#DIV/0!,#DIV/0!
81002,Kaoh Anlong Chen,#DIV/0!,#DIV/0!
81105,Preaek Hour,#DIV/0!,#DIV/0!
50205,Svay Kravan,#DIV/0!,#DIV/0!
50611,Tang Sya,0,0
80204,Kampong Svay,#DIV/0!,#DIV/0!
81013,Svay Rolum,0,0
120512,Krang Pongro,#DIV/0!,#DIV/0!
81011,Setbou,0,0
80118,Roleang Kaen,#DIV/0!,#DIV/0!
80117,Roka,#DIV/0!,#DIV/0!
80211,Samraong Thum,0,0
50702,Kahaeng,#DIV/0!,#DIV/0!
80604,Kaoh Kaev,#DIV/0!,#DIV/0!
80126,Tien,#DIV/0!,#DIV/0!
50606,Moha Sang,0,0
140708,Prey Kandieng,#DIV/0!,#DIV/0!
80119,Roluos,#DIV/0!,#DIV/0!
80612,Sambuor,#DIV/0!,#DIV/0!
80110,Kong Noy,#DIV/0!,#DIV/0!
50608,Prey Rumduol,0,0
90302,Kaoh Kapi,#DIV/0!,#DIV/0!
80103,Barku,#DIV/0!,#DIV/0!
80102,Anlong Romiet,#DIV/0!,#DIV/0!
50305,Preah Nipean,#DIV/0!,#DIV/0!
90803,Ou Bak Roteh,0,0
50308,Roka Kaoh,#DIV/0!,#DIV/0!
50710,Skuh,0,0
80105,Cheung Kaeub,#DIV/0!,#DIV/0!
81009,Roka Khpos,0,0
140504,Prey Khnes,0,0
141011,Tuek Thla,#DIV/0!,#DIV/0!
200408,Kampong Trach,#DIV/0!,#DIV/0!
80113,Preah Putth,#DIV/0!,#DIV/0!
90301,Chrouy Pras,0,0
50709,Saen Dei,#DIV/0!,#DIV/0!
50601,Chambak,0,0
140704,Peam Mean Chey,#DIV/0!,#DIV/0!
80107,Kandaok,0,0
80122,Siem Reab,#DIV/0!,#DIV/0!
50712,Thommoda Ar,0,0
81012,Svay Prateal,#DIV/0!,#DIV/0!
200402,Andoung Pou,0,0
80127,Trapeang Veaeng,#DIV/0!,#DIV/0!
80109,Kouk Trab,#DIV/0!,#DIV/0!
140701,Ba Baong,#DIV/0!,#DIV/0!
80108,Thmei,#DIV/0!,#DIV/0!
200411,Mukh Da,#DIV/0!,#DIV/0!
200407,Doung,0,0
140109,Theay,#DIV/0!,#DIV/0!
140502,Chres,#DIV/0!,#DIV/0!
80128,Trea,#DIV/0!,#DIV/0!
50313,Veal,#DIV/0!,#DIV/0!
200412,Mream,0,0
50604,Kiri Voan,0,0
50301,Angk Popel,#DIV/0!,#DIV/0!
140503,Chi Phok,0,0
80101,Ampov Prey,0,0
200415,Trapeang Sdau,#DIV/0!,#DIV/0!
90105,,0.766283525,-0.766283525
50304,Pechr Muni,#DIV/0!,#DIV/0!
50704,Krang Ampil,0,0
50600,,0,0
81015,Traeuy Sla,0,0
80116,Preaek Slaeng,0,0
81010,S'ang Phnum,0,0
80115,Preaek Roka,#DIV/0!,#DIV/0!
50613,Traeng Trayueng,0,0
80125,Tbaeng,#DIV/0!,#DIV/0!
50306,Prey Nheat,#DIV/0!,#DIV/0!
81008,Preaek Koy,#DIV/0!,#DIV/0!
50607,Ou,0,0
80104,Boeng Khyang,0,0
81006,Prasat,#DIV/0!,#DIV/0!
140101,Boeng Preah,#DIV/0!,#DIV/0!
50311,Srang,0,0
50312,Tuek L'ak,#DIV/0!,#DIV/0!
80207,Kokir Thum,0,0
140505,Prey Rumdeng,#DIV/0!,#DIV/0!
210208,Lumpong,0,0
210207,Krang thnong,0,0
210210,Pot Sar,#DIV/0!,#DIV/0!
210212,Tang Doung,#DIV/0!,#DIV/0!
50609,Prey Kmeng,0,0
140104,Reaks Chey,#DIV/0!,#DIV/0!
50302,Chongruk,#DIV/0!,#DIV/0!
140705,Peam Ro,#DIV/0!,#DIV/0!
81004,Kaoh Khsach Tonlea,#DIV/0!,#DIV/0!
200404,Angk Prasrae,#DIV/0!,#DIV/0!
81016,Tuek Vil,#DIV/0!,#DIV/0!
200405,Chantrei,#DIV/0!,#DIV/0!
80501,Kampong Phnum,0,0
90203,Preaek Khsach,-2.667167543,2.667167543
90802,Kampong Seila,0.045269353,-0.045269353
81014,Ta Lon,0,0
50602,Choam Sangkae,0,0
90101,Andoung Tuek,0,0
50110,Svay Chacheb,0,0
210204,Kandoeng,#DIV/0!,#DIV/0!
140702,Banlich Prasat,#DIV/0!,#DIV/0!
140108,Spueu Kha,0,0
81005,Krang Yov,#DIV/0!,#DIV/0!
140508,Trapeang Srae,0,0
50603,Dambouk Rung,0,0
140105,Roung Damrei,#DIV/0!,#DIV/0!
210211,Souphi,#DIV/0!,#DIV/0!
140706,Preaek Khsay Ka,#DIV/0!,#DIV/0!
50112,Tuol Sala,0,0
210202,Champei,#DIV/0!,#DIV/0!
140501,Angkor Sar,#DIV/0!,#DIV/0!
200305,Kampong Ampil,#DIV/0!,#DIV/0!
200310,Thna Thnong,0,0
81003,Kaoh Khael,#DIV/0!,#DIV/0!
50310,Snam Krapeu,#DIV/0!,#DIV/0!
210205,Komar Reachea,#DIV/0!,#DIV/0!
140107,Spueu Ka,#DIV/0!,#DIV/0!
90102,Kandaol,0,0
200302,Thmea,#DIV/0!,#DIV/0!
210203,Doung,#DIV/0!,#DIV/0!
81001,Khpob,#DIV/0!,#DIV/0!
210215,Trapeang Sab,#DIV/0!,#DIV/0!
200304,Chrung Popel,#DIV/0!,#DIV/0!
140102,Cheung Phnum,#DIV/0!,#DIV/0!
200508,Doun Sa,#DIV/0!,#DIV/0!
200516,Svay Yea,#DIV/0!,#DIV/0!
140103,Chheu Kach,#DIV/0!,#DIV/0!
50114,Svay Rumpea,#DIV/0!,#DIV/0!
140703,Neak Loeang,#DIV/0!,#DIV/0!
140707,Preaek Khsay Kha,#DIV/0!,#DIV/0!
80506,Preaek Tonloab,#DIV/0!,#DIV/0!
200301,Bos Mon,#DIV/0!,#DIV/0!
210209,Pea Ream,#DIV/0!,#DIV/0!
50303,Moha Ruessei,#DIV/0!,#DIV/0!
140306,Kou Khchak,0,0
210214,Trapeang Krasang,#DIV/0!,#DIV/0!
50309,Sdok,#DIV/0!,#DIV/0!
50115,Preah Khae,0,0
140905,Kampong Soeng,#DIV/0!,#DIV/0!
200306,Meun Chey,#DIV/0!,#DIV/0!
210206,Krang Leav,#DIV/0!,#DIV/0!
81007,Preaek Ambel,#DIV/0!,#DIV/0!
50102,Kat Phluk,0,0
140106,Sdau Kaong,#DIV/0!,#DIV/0!
210201,Chambak,#DIV/0!,#DIV/0!
80408,Pouthi Ban,#DIV/0!,#DIV/0!
80407,Leuk Daek,0,0
200513,Svay Angk,#DIV/0!,#DIV/0!
210604,Char,#DIV/0!,#DIV/0!
50307,Prey Vihear,#DIV/0!,#DIV/0!
200501,Angk Ta Sou,#DIV/0!,#DIV/0!
200308,Sangkae,#DIV/0!,#DIV/0!
140305,Kansaom Ak,#DIV/0!,#DIV/0!
210213,Tnaot,#DIV/0!,#DIV/0!
200309,Svay Chek,#DIV/0!,#DIV/0!
50113,Kak,#DIV/0!,#DIV/0!
140607,Preaek Krabau,#DIV/0!,#DIV/0!
140910,Rumchek,#DIV/0!,#DIV/0!
140601,Angkor Angk,#DIV/0!,#DIV/0!
200517,Thlok,#DIV/0!,#DIV/0!
210707,Rovieng,#DIV/0!,#DIV/0!
200307,Pong Tuek,#DIV/0!,#DIV/0!
200702,Kokir Saom,0,0
50104,Pheakdei,0,0
80505,Preaek Dach,#DIV/0!,#DIV/0!
140907,Lvea,#DIV/0!,#DIV/0!
210607,Kdanh,#DIV/0!,#DIV/0!
210613,Tang Yab,#DIV/0!,#DIV/0!
50105,Pheari Mean Chey,#DIV/0!,#DIV/0!
210612,Snao,#DIV/0!,#DIV/0!
210705,Khvav,#DIV/0!,#DIV/0!
140311,Prey Chhor,#DIV/0!,#DIV/0!
80405,Kaoh Thum Kha,#DIV/0!,#DIV/0!
210704,Chumreah Pen,#DIV/0!,#DIV/0!
200510,Kraol Kou,#DIV/0!,#DIV/0!
200303,Chak,#DIV/0!,#DIV/0!
50109,Pou Mreal,#DIV/0!,#DIV/0!
50111,Tuol Ampil,#DIV/0!,#DIV/0!
90202,Phnhi Meas,0,0
140906,Krang Svay,#DIV/0!,#DIV/0!
200706,Prey Ta Ei,0,0
140610,Svay Phluoh,#DIV/0!,#DIV/0!
80404,Kaoh Thum Ka,#DIV/0!,#DIV/0!
210710,Sla,#DIV/0!,#DIV/0!
200509,Kouk Pring,#DIV/0!,#DIV/0!
50101,Basedth,#DIV/0!,#DIV/0!
80403,Kampong Kong,0,0
140307,Kampong Trabaek,#DIV/0!,#DIV/0!
200711,Svay Rumpea,0,0
90602,Chi Kha Kraom,0,0
140309,Prasat,#DIV/0!,#DIV/0!
50103,Nitean,#DIV/0!,#DIV/0!
210610,Prey Lvea,#DIV/0!,#DIV/0!
200512,Pouthi Reach,#DIV/0!,#DIV/0!
70309,Trapeang Plang,-1.418988648,1.418988648
210611,Prey Phdau,#DIV/0!,#DIV/0!
210606,Kampong Reab,#DIV/0!,#DIV/0!
80411,Preaek Thmei,#DIV/0!,#DIV/0!
50106,Phong,#DIV/0!,#DIV/0!
140909,Reathor,#DIV/0!,#DIV/0!
210603,Champa,#DIV/0!,#DIV/0!
210708,Samraong,#DIV/0!,#DIV/0!
200708,Romeang Thkaol,0,0
200710,Sangkhoar,#DIV/0!,#DIV/0!
80504,Peam Reang,#DIV/0!,#DIV/0!
210703,Cheung Kuon,#DIV/0!,#DIV/0!
70404,Srae Chaeng,0,0
140904,Chey Kampok,#DIV/0!,#DIV/0!
210602,Ban Kam,#DIV/0!,#DIV/0!
50107,Pou Angkrang,#DIV/0!,#DIV/0!
200514,Svay Chrum,#DIV/0!,#DIV/0!
210701,Boeng Tranh Khang Cheung,#DIV/0!,#DIV/0!
140310,Pratheat,#DIV/0!,#DIV/0!
90601,Boeng Preav,0,0
140301,Ansaong,#DIV/0!,#DIV/0!
70302,Ta Kaen,0,0
200506,Chek,#DIV/0!,#DIV/0!
200507,Chheu Teal,#DIV/0!,#DIV/0!
210906,Ou Saray,#DIV/0!,#DIV/0!
200505,Ta Suos,#DIV/0!,#DIV/0!
200709,Sambuor,0,0
90607,,0,0
210608,Pou Rumchak,#DIV/0!,#DIV/0!
210605,Kampeaeng,#DIV/0!,#DIV/0!
210709,Soeng,#DIV/0!,#DIV/0!
200704,Monourom,#DIV/0!,#DIV/0!
50108,Pou Chamraeun,#DIV/0!,#DIV/0!
210702,Boeng Tranh Khang Tboung,#DIV/0!,#DIV/0!
90103,Ta Nuon,0,0
140901,Angkor Reach,#DIV/0!,#DIV/0!
90801,Chamkar Luong,0,0
200705,Popeaek,0,0
140911,Seena Reach Otdam,#DIV/0!,#DIV/0!
80402,Chrouy Ta Kaev,#DIV/0!,#DIV/0!
140313,Thkov,#DIV/0!,#DIV/0!
140308,Peam Montear,#DIV/0!,#DIV/0!
200602,Prey Chhlak,#DIV/0!,#DIV/0!
140903,Boeng Daol,#DIV/0!,#DIV/0!
210609,Prey Kabbas,#DIV/0!,#DIV/0!
80410,Preaek Sdei,#DIV/0!,#DIV/0!
210711,Trea,#DIV/0!,#DIV/0!
200102,Bavet,0,0
200701,Chrak Mtes,#DIV/0!,#DIV/0!
210914,Trapeang Thum Khang Cheu,0,0
140602,Kampong Prasat,#DIV/0!,#DIV/0!
210104,Ponley,#DIV/0!,#DIV/0!
140603,Kaoh Chek,#DIV/0!,#DIV/0!
90104,Thma Sa,0,0
210902,Cheang Tong,#DIV/0!,#DIV/0!
200604,Pou Ta Hao,#DIV/0!,#DIV/0!
200601,Svay Rieng,#DIV/0!,#DIV/0!
80503,Khpob ateav,#DIV/0!,#DIV/0!
200504,Chamlang,#DIV/0!,#DIV/0!
200703,Kandieng Reay,0,0
210601,Angkanh,#DIV/0!,#DIV/0!
210909,Popel,#DIV/0!,#DIV/0!
210908,Otdam Souriya,#DIV/0!,#DIV/0!
80409,Preaek Chrey,#DIV/0!,#DIV/0!
200515,Svay Thum,#DIV/0!,#DIV/0!
200503,Chambak,#DIV/0!,#DIV/0!
140304,Chrey,#DIV/0!,#DIV/0!
200210,Svay Toea,#DIV/0!,#DIV/0!
140606,Krang Ta Yang,#DIV/0!,#DIV/0!
210706,Lumchang,#DIV/0!,#DIV/0!
200603,Koy Trabaek,#DIV/0!,#DIV/0!
210102,Ba Srae,#DIV/0!,#DIV/0!
140312,Prey Poun,#DIV/0!,#DIV/0!
210106,Prey Phkoam,#DIV/0!,#DIV/0!
90604,Chrouy Svay,0,0
90202,Phnhi Meas,#DIV/0!,#DIV/0!
140303,Cheang Daek,#DIV/0!,#DIV/0!
90202,Phnhi Meas,#DIV/0!,#DIV/0!
200511,Kruos,#DIV/0!,#DIV/0!
80401,Chheu Khmau,#DIV/0!,#DIV/0!
90201,Kaoh Sdach,-2.301410542,2.301410542
90202,Phnhi Meas,#DIV/0!,#DIV/0!
200502,Basak,#DIV/0!,#DIV/0!
200101,Bati,0,0
210904,Leay Bour,#DIV/0!,#DIV/0!
140902,Banteay Chakrei,#DIV/0!,#DIV/0!
200204,Preah Ponlea,#DIV/0!,#DIV/0!
200707,Prasout,#DIV/0!,#DIV/0!
200108,Prey Kokir,0,0
70405,Srae Knong,0,0
200107,Prey Angkunh,#DIV/0!,#DIV/0!
200209,Svay Ta Yean,#DIV/0!,#DIV/0!
210915,Trapeang Thum Khang Tbou,0,0
80412,Sampov Lun,#DIV/0!,#DIV/0!
210101,Angkor Borei,#DIV/0!,#DIV/0!
210912,Ta Phem,#DIV/0!,#DIV/0!
210802,Roka Knong,#DIV/0!,#DIV/0!
210801,Baray,#DIV/0!,#DIV/0!
200106,Prasat,0,0
80507,Sandar,#DIV/0!,#DIV/0!
140608,Preaek Sambuor,#DIV/0!,#DIV/0!
70700,,-0.060132291,0.060132291
140908,Preah Sdach,#DIV/0!,#DIV/0!
140302,Cham,#DIV/0!,#DIV/0!
210901,Angk Ta Saom,#DIV/0!,#DIV/0!
140609,Ruessei Srok,#DIV/0!,#DIV/0!
200105,Me Sa Thngak,#DIV/0!,#DIV/0!
210910,Samraong,0,0
70403,Snay Anhchet,0,0
200207,Samlei,0,0
200208,Samyaong,#DIV/0!,#DIV/0!
210105,Preaek Phtoul,#DIV/0!,#DIV/0!
200205,Prey Thum,#DIV/0!,#DIV/0!
211009,Sambuor,#DIV/0!,#DIV/0!
211012,Srangae,#DIV/0!,#DIV/0!
210803,Roka Krau,#DIV/0!,#DIV/0!
210911,Srae Ronoung,#DIV/0!,#DIV/0!
90804,Stueng Chhay,-0.381679389,0.381679389
90201,Kaoh Sdach,0,0
200202,Nhor,#DIV/0!,#DIV/0!
200203,Ksetr,#DIV/0!,#DIV/0!
210903,Kus,0,0
140604,Kaoh Roka,#DIV/0!,#DIV/0!
140605,Kaoh Sampov,#DIV/0!,#DIV/0!
80502,K'am Samnar,#DIV/0!,#DIV/0!
210103,Kouk Thlok,#DIV/0!,#DIV/0!
200104,Chres,0,0
70406,Srae Samraong,0,0
200201,Banteay Krang,#DIV/0!,#DIV/0!
90201,Kaoh Sdach,0,0
200206,Reach Montir,#DIV/0!,#DIV/0!
200109,Samraong,0,0
211008,Roneam,#DIV/0!,#DIV/0!
180209,Sameakki,0,0
90201,Kaoh Sdach,#DIV/0!,#DIV/0!
210905,Nhaeng Nhang,#DIV/0!,#DIV/0!
70407,Trapeang Reang,0,0
180204,Cheung Kou,0,0
211013,Thlok,#DIV/0!,#DIV/0!
210913,Tram Kak,0,0
90201,Kaoh Sdach,#DIV/0!,#DIV/0!
211007,Prey Sloek,#DIV/0!,#DIV/0!
211004,Khvav,#DIV/0!,#DIV/0!
200212,Tnaot,#DIV/0!,#DIV/0!
90201,Kaoh Sdach,#DIV/0!,#DIV/0!
70401,Chres,0,0
70402,Chumpu Voan,0,0
90201,Kaoh Sdach,#DIV/0!,#DIV/0!
90201,Kaoh Sdach,#DIV/0!,#DIV/0!
210305,Kouk Pou,#DIV/0!,#DIV/0!
90201,Kaoh Sdach,0,0
200110,Tuol Sdei,0,0
70103,Champei,#DIV/0!,#DIV/0!
200103,Chantrea,0,0
200211,Thmei,#DIV/0!,#DIV/0!
70311,Nareay,0,0
211001,Angkanh,#DIV/0!,#DIV/0!
70304,Chhuk,#DIV/0!,#DIV/0!
70307,Krang Snay,#DIV/0!,#DIV/0!
210303,Doung Khpos,#DIV/0!,#DIV/0!
211002,Angk Khnaor,#DIV/0!,#DIV/0!
210301,Bourei Cholsar,#DIV/0!,#DIV/0!
70308,Lbaeuk,0,0
70110,Samlanh,#DIV/0!,#DIV/0!
211006,Angk Kaev,#DIV/0!,#DIV/0!
70310,Mean Chey,#DIV/0!,#DIV/0!
70105,Dan Koum,0,0
211005,Prambei Mom,#DIV/0!,#DIV/0!
70109,Praphnum,#DIV/0!,#DIV/0!
70314,Tramaeng,#DIV/0!,#DIV/0!
70303,Boeng Nimol,#DIV/0!,#DIV/0!
210505,Romenh,#DIV/0!,#DIV/0!
90103,Ta Nuon,#DIV/0!,#DIV/0!
210506,Thlea Prachum,#DIV/0!,#DIV/0!
211014,Tralach,#DIV/0!,#DIV/0!
70312,Satv Pong,#DIV/0!,#DIV/0!
90103,Ta Nuon,0,0
211003,Chi Khmar,#DIV/0!,#DIV/0!
70101,Angk Phnum Touch,#DIV/0!,#DIV/0!
70102,Angkor Chey,0,0
70104,Dambouk Khpos,0,0
70306,Krang Sbov,#DIV/0!,#DIV/0!
211010,Sanlung,#DIV/0!,#DIV/0!
70716,Thmei,0,0
211011,Smaong,#DIV/0!,#DIV/0!
70715,Stueng Kaev,0,0
210304,Kampong Krasang,0,0
90103,Ta Nuon,0,0
70301,Baniev,#DIV/0!,#DIV/0!
70111,Tani,0,0
70305,Doun Yay,#DIV/0!,#DIV/0!
70313,Trapeang Bei,#DIV/0!,#DIV/0!
70713,Prey Thnang,0,0
70509,Angkor Meas,#DIV/0!,#DIV/0!
70510,L'ang,0,0
210502,Pech Sar,#DIV/0!,#DIV/0!
210503,Prey Khla,#DIV/0!,#DIV/0!
180105,Kaoh Rung,0,0
210401,Angk Prasat,#DIV/0!,#DIV/0!
210406,Kouk Prech,0,0
70214,Voat Angk Khang Cheung,#DIV/0!,#DIV/0!
70108,Phnum Kong,0,0
70501,Damnak Sokram,#DIV/0!,#DIV/0!
70508,Totung,#DIV/0!,#DIV/0!
180105,Kaoh Rung,#DIV/0!,#DIV/0!
70505,Mean Ritth,#DIV/0!,#DIV/0!
180105,Kaoh Rung,#DIV/0!,#DIV/0!
70205,Samraong Leu,#DIV/0!,#DIV/0!
70204,Samraong Kraom,#DIV/0!,#DIV/0!
70106,Daeum Doung,#DIV/0!,#DIV/0!
70210,Trapeang Sala Khang Kaeu,0,0
180303,Tumnob Rolok,-15.06024096,15.06024096
180301,Kampenh,#DIV/0!,#DIV/0!
180211,Tuek L'ak,0,0
210501,Krapum Chhuk,#DIV/0!,#DIV/0!
70709,Meakprang,0,0
70107,Mroum,#DIV/0!,#DIV/0!
180210,Samrong,-2.083333333,2.083333333
180301,Kampenh,#DIV/0!,#DIV/0!
70215,Voat Angk Khang Tboung,#DIV/0!,#DIV/0!
180302,Ou Treh,-4.680851064,4.680851064
180214,Veal Renh,#DIV/0!,#DIV/0!
210302,Chey Chouk,0,0
70502,Dang Tong,#DIV/0!,#DIV/0!
70211,Trapeang Sala Khang Lech,#DIV/0!,#DIV/0!
210410,Ream Andaeuk,0,0
210504,Prey Yuthka,0,0
70712,Prey Khmum,#DIV/0!,#DIV/0!
180212,Tuek Thla,0,0
70705,Kandal,0,0
70506,Srae Chea Khang Cheung,#DIV/0!,#DIV/0!
70213,Tuk Meas Khang Lech,0,0
70507,Srae Chea Khang Tboung,0,0
180101,Sangkat Muoy,0,0
70703,Kampong Kraeng,0,0
180201,Andoung Thma,-18.14159292,18.14159292
70201,Banteay Meas Khang Kaeut,#DIV/0!,#DIV/0!
70711,Preaek Tnaot,0,0
210404,Kampeaeng,#DIV/0!,#DIV/0!
210403,Kamnab,#DIV/0!,#DIV/0!
70202,Banteay Meas Khang Lech,#DIV/0!,#DIV/0!
70212,Tuk Meas Khang Kaeut,#DIV/0!,#DIV/0!
210402,Preah Bat Choan Chum,#DIV/0!,#DIV/0!
180203,Bet Trang,0,0
70207,Sdach Kong Khang Lech,#DIV/0!,#DIV/0!
70503,Khcheay Khang Cheung,#DIV/0!,#DIV/0!
210408,Prey Ampok,#DIV/0!,#DIV/0!
180208,Ream,-4.545454545,4.545454545
180213,Tuol Toetueng,-13.28125,13.28125
210409,Prey Rumdeng,0,0
180103,Sangkat Bei,0,0
70704,Kampong Samraong,0,0
70504,Khcheay Khang Tboung,#DIV/0!,#DIV/0!
70717,Trapeang Pring,0,0
70707,Kaoh Touch,0,0
70804,Andoung Khmaer,0,0
180207,Prey Nob,-6.25,6.25
210405,Kiri Chong Kaoh,#DIV/0!,#DIV/0!
180105,Kaoh Rung,0,0
180102,Sangkat Pir,#DIV/0!,#DIV/0!
180103,Sangkat Bei,0,0
70719,Trapeang Thum,#DIV/0!,#DIV/0!
180104,Sangkat Buon,#DIV/0!,#DIV/0!
70701,Boeng Tuk,0,0
70603,Damnak Kantuot Khang Che,#DIV/0!,#DIV/0!
70606,Kampong Trach Khang Lech,0,0
70604,Damnak Kantuot Khang Tbo,#DIV/0!,#DIV/0!
70802,Krang Ampil,#DIV/0!,#DIV/0!
70803,Kampong Bay,#DIV/0!,#DIV/0!
180105,Kaoh Rung,0,0
70708,Koun Satv,0,0
180206,Ou Oknha Heng,-11.15702479,11.15702479
70607,Kanthaor Khang Cheung,#DIV/0!,#DIV/0!
210407,Phnum Den,#DIV/0!,#DIV/0!
70206,Sdach Kong Khang Cheung,#DIV/0!,#DIV/0!
70702,Chum Kriel,#DIV/0!,#DIV/0!
70209,Tnaot Chong Srang,#DIV/0!,#DIV/0!
70718,Trapeang sangkae,#DIV/0!,#DIV/0!
180103,Sangkat Bei,#DIV/0!,#DIV/0!
70801,Kampong Kandal,#DIV/0!,#DIV/0!
70805,Traeuy Kaoh,0,0
180202,Boeng Ta Prum,0,0
210411,Saom,#DIV/0!,#DIV/0!
230103,Pong Tuek,0,0
70609,Kanthaor Khang Lech,#DIV/0!,#DIV/0!
70208,Sdach Kong Khang Tboung,#DIV/0!,#DIV/0!
230102,Ou Krasar,#DIV/0!,#DIV/0!
210412,Ta Ou,#DIV/0!,#DIV/0!
70203,Prey Tonle,#DIV/0!,#DIV/0!
70608,Kanthaor Khang kaeut,#DIV/0!,#DIV/0!
230202,Prey Thum,0,0
70605,Kampong Trach Khang Kaeu,#DIV/0!,#DIV/0!
180206,Ou Oknha Heng,0,0
180205,Ou Chrov,0,0
180104,Sangkat Buon,#DIV/0!,#DIV/0!
70612,Preaek Kroes,#DIV/0!,#DIV/0!
70601,Boeng Sala Khang Cheung,#DIV/0!,#DIV/0!
180208,Ream,0,0
230201,Kaeb,0,0
70615,Svay Tong Khang Cheung,0,0
230101,Angkaol,0,0
180208,Ream,0,0
70602,Boeng Sala Khang Tboung,0,0
180208,Ream,#DIV/0!,#DIV/0!
70613,Ruessei srok Khang Kaeut,#DIV/0!,#DIV/0!
180208,Ream,0,0
70614,Ruessei Srok Khang Lech,#DIV/0!,#DIV/0!
180208,Ream,0,0
70616,Svay Tong Khang Tboung,0,0
180208,Ream,#DIV/0!,#DIV/0!
230200,,#DIV/0!,#DIV/0!
230200,,#DIV/0!,#DIV/0!
230200,,#DIV/0!,#DIV/0!
230200,,#DIV/0!,#DIV/0!
180208,Ream,#DIV/0!,#DIV/0!
230200,,#DIV/0!,#DIV/0!
230200,,#DIV/0!,#DIV/0!
180208,Ream,#DIV/0!,#DIV/0!
230200,,#DIV/0!,#DIV/0!
230200,,#DIV/0!,#DIV/0!
230200,,#DIV/0!,#DIV/0!
230200,,#DIV/0!,#DIV/0!
230200,,#DIV/0!,#DIV/0!
230200,,#DIV/0!,#DIV/0!
230200,,#DIV/0!,#DIV/0!
